RMSE,MSE,MAE,MAPE,MBE,R2
0.16317500536785368,0.026626082376799077,0.09720818009071498,50992029960834.56,-0.0203904986688107,-0.0203904986688107
