RMSE,MSE,MAE,MAPE,MBE,R2
0.16274388737969392,0.0264855728794545,0.09304529981589982,38233497904653.76,-0.023836965574805573,-0.023836965574805573
